feature,weight,std
TCVUSD,1.1163578470166082,0.0007431489913244392
Average_Tariff,0.41538990708248386,0.0005580576240304415
HS_Group_Name_Finished Goods,0.22725145202564007,0.0009817184408945924
HS_Group_Name_Raw Input,0.191584374270822,0.0002678621664030038
Trade_Direction_Import,0.16887155677515833,0.00024562466470318144
us_company_size,0.1181982494027537,0.0002705736395090291
foreign_company_size,0.10373053695790162,0.00024196839992371026
Delta_Case0_Effective,0.06812951540036297,0.00018595707505627578
Container_Type_Dry,0.04348415248298856,0.00011096130807775462
HS_Group_Name_Edible with Processing,0.0409103195680568,0.0001130182758544
Foreign_Country_Region_South Asia,0.039511355693336525,6.477952054184887e-05
Foreign_Country_Region_European Union,0.038779794369673534,0.00021207382256802057
Foreign_Country_Region_Other East Asia (not China),0.03426313957192164,0.00010027116104163377
State_Closure_EA_Diff,0.031746853221840635,6.544326581922801e-05
Foreign_Country_Region_Southeast Asia,0.025487986500190886,0.00011339238461085151
HS_Group_Name_Vices,0.025317950176556157,6.34269145174886e-05
HS_Group_Name_Pharma,0.024051387297081516,4.413388223613147e-05
cases_weekly,0.023587607795514453,7.164379475842143e-05
Foreign_Country_Region_North America,0.020591144640645598,7.576454187746667e-05
Container_LCL/FCL_LCL,0.01917323818279839,6.889971831077934e-05
