feature,weight,std
TCVUSD,0.8770365460940969,0.0007018020798773
Average_Tariff,0.3610021022550614,0.0009548388646987838
HS_Group_Name_Finished Goods,0.23708871856208233,0.0003626196955795842
Trade_Direction_Import,0.12698934902723075,0.00025839814482123493
HS_Group_Name_Raw Input,0.10891525061152987,0.00017704798840215434
US_company_size,0.09595397249596453,0.0003699480972811071
foreign_company_size,0.08171855248407056,0.00028831014850011906
Container_Type_Dry_True,0.07528412118714804,0.0002923340044646098
State_Closure_EA_Diff,0.050433264289306744,0.00029436875904551057
Foreign_Country_Region_Other East Asia (not China),0.04557692110202829,0.00017540018812697188
Foreign_Country_Region_European Union,0.04408012412802409,7.418014967417035e-05
Container_LCL/FCL_LCL,0.0440761808605427,0.00024511348634374656
Year,0.04168642526524591,0.00012536603506357985
HS_Group_Name_Edible with Processing,0.038305974046304425,0.00011035354730915068
US_Unemployment_Rate,0.03530649904077139,0.00014851667828021337
Foreign_Country_Region_Southeast Asia,0.027622634808452683,5.020676556215702e-05
Foreign_Country_Region_South Asia,0.02510299561694742,0.00011887803693314332
US_Port_Coastal_Region_Northeast,0.024347011239018678,0.00011189288933626157
HS_Group_Name_Pharma,0.02146740182913509,5.3777665094528493e-05
Foreign_Country_Region_North America,0.020124720405194883,7.652721474917331e-05
