feature,weight,std
TCVUSD,1.1169301666921472,0.0029098637279357203
Average_Tariff,0.4163701178734119,0.0005074839856437348
HS_Group_Name_Finished Goods,0.27336388375514736,0.0005943639470325688
Trade_Direction_Import,0.17310038327182392,0.00039328290904006984
HS_Group_Name_Raw Input,0.14025171009591705,0.0003877059912716547
US_company_size,0.12654132089503914,0.0005381731200378538
foreign_company_size,0.11285537056191626,0.0006335618343540307
State_Closure_EA_Diff,0.07403724389835124,0.00020147379210195808
Container_Type_Dry_True,0.07365436140744681,0.0004160165290657208
Foreign_Country_Region_Other East Asia (not China),0.04903431699473879,0.00013652404861496872
Foreign_Country_Region_European Union,0.04796763894074267,0.0004402420558776285
US_Port_Coastal_Region_Northeast,0.04273213492569796,0.0005043793085623241
HS_Group_Name_Edible with Processing,0.04166670550631964,0.0001987096622142107
Foreign_Country_Region_North America,0.0368588497002156,0.00013592357828487052
Foreign_Country_Region_South Asia,0.0343726083340401,0.00024872259303389895
Container_LCL/FCL_LCL,0.03137378508192368,0.0003718274917888508
Foreign_Country_Region_Southeast Asia,0.03017023307733191,0.00014868190572532545
HS_Group_Name_Pharma,0.02626014126538314,7.786498893782937e-05
US_Port_Coastal_Region_Southeast,0.02573592943841745,0.0001964625367038724
US_Unemployment_Rate,0.02444975582262814,0.000403408283018868
