feature,weight,std
TCVUSD,1.1318089759913461,0.0026700947410118396
Average_Tariff,0.41309576054872377,0.0006204891414866202
HS_Group_Name_Finished Goods,0.27636100046478934,0.00275226062399722
Trade_Direction_Import,0.17461264150371048,0.0011785426478553372
HS_Group_Name_Raw Input,0.1737883925139969,0.00045336421490975963
foreign_company_size,0.10569206036503312,0.0003941519947551487
us_company_size,0.10350781886005822,0.0005317324076601929
Delta_Case0_Effective,0.06267095057783556,0.0005690517265746486
Foreign_Country_Region_South Asia,0.04904125462145319,0.0005515337134507032
Foreign_Country_Region_European Union,0.04483246255800175,0.0006850064602941467
Container_Type_Dry,0.040172106006165366,0.0003212440225423526
HS_Group_Name_Edible with Processing,0.03900668858925542,0.0003668544912753079
Foreign_Country_Region_Other East Asia (not China),0.035229269666826116,0.00019370961707857918
State_Closure_EA_Diff,0.027364980438155894,0.00016202506390169654
HS_Group_Name_Pharma,0.025317904227894684,0.00015926776472947171
HS_Group_Name_Vices,0.023705018920810162,0.0002915436732478782
Foreign_Country_Region_North America,0.022083164451896398,0.00012647545516829848
Foreign_Country_Region_Southeast Asia,0.02113383493450416,0.00026004423513668727
Container_LCL/FCL_LCL,0.020248765788922495,0.0005579943147617663
Foreign_Country_Region_South America,0.016394284905259803,0.00014712475012461024
